1	Daily to do	daily-to-do	3fe7a51c-1360-8343-8b97-81632dbabe05	
1	Wedding流程	wedding	28a7a51c-1360-83db-9eb8-8123c7a1b56e	
1	Makeup Artist	makeup-artist	b767a51c-1360-82f7-95f6-014ab69d260e	
1	Makeup Artist - 妆发	makeup-artist-2	51f7a51c-1360-8394-b899-01b822bbf3e8	
1	Photography	photography	ee07a51c-1360-82dd-addc-81a36c966f68	
1	Wedding Photography	wedding-photography	8557a51c-1360-82c7-bc4f-81eac539f6a8	
1	Wedding Decor	wedding-decor	2297a51c-1360-8399-8bc5-81ffb6d6acb2	
1	Wedding Dress	wedding-dress	cd07a51c-1360-82da-94bb-011b90ef3f2b	
1	Wedding Band	wedding-band	6327a51c-1360-826f-b863-81d799457990	
1	Wedding Venue	wedding-venue	de67a51c-1360-83e1-81c3-81a8ac3e0e82	
1	Wedding invite	wedding-invite	6cd7a51c-1360-83a8-9c7b-0125d255942e	
1	Wedding Video	wedding-video	de27a51c-1360-823e-9cf4-016c260588b3	
1	Wedding Music	wedding-music	d527a51c-1360-82f7-88a0-815ba6fa6339	
1	Wedding food and drinks	wedding-food-and-drinks	80f7a51c-1360-821f-b466-81c7aeee9869	
1	Groom Suit	groom-suit	c607a51c-1360-839e-ab66-014d75ad650c	
1	Wedding vow and speech	wedding-vow-and-speech	7627a51c-1360-82fd-8c4c-0104c9d5ee41	
1	Wedding Game	wedding-game	7d57a51c-1360-8339-85b8-815dae4a2c80	
1	Wedding gift for 伴娘伴郎	wedding-gift-for	b887a51c-1360-8339-be3a-81e6f2e3a67e	
1	Engagement Photo	engagement-photo	2d17a51c-1360-83d8-8009-81adfd1e8434	
1	Wedding speech	wedding-speech	f8d7a51c-1360-8345-8b30-817200116867	
1	Wedding MC Script	wedding-mc-script	e677a51c-1360-83f8-b687-01613c5eb538	
1	Wedding Procession	wedding-procession	7637a51c-1360-8349-97f8-81590f37daab	
1	Things to bring on the day of	things-to-bring-on-the-day-of	6807a51c-1360-8207-892d-01fa209a59ad	
1	Wedding Photos	wedding-photos	4267a51c-1360-83e3-a62e-812079416933	
1	To dos	to-dos	1417a51c-1360-8396-8556-81667bca6945	
1	Venue contact	venue-contact	d997a51c-1360-83d5-9214-81c377cc7081	
1	Wedding Photos	wedding-photos-2	e0e7a51c-1360-820b-8855-810f2b582482	
2	New To Do	daily-to-do-new-to-do	0e37a51c-1360-836c-a790-81523e7c6fa0	daily-to-do
2	Table Arrangement	wedding-table-arrangement	4227a51c-1360-8244-9a26-01cda511050a	wedding
2	拍照设计	wedding-untitled	c7c7a51c-1360-8252-8a29-014d8e4edb4c	wedding
2	Dinner room	wedding-decor-dinner-room	59d7a51c-1360-83a3-8965-81685e4adb5b	wedding-decor
2	Check in	wedding-decor-check-in	2a77a51c-1360-837e-8d2c-01c41dcc0148	wedding-decor
2	Ceremony	wedding-decor-ceremony	0a87a51c-1360-8260-8d75-81e7df731807	wedding-decor
2	Cocktail Indoor	wedding-decor-cocktail-indoor	fcb7a51c-1360-83ba-aada-811485782797	wedding-decor
2	Cocktail Outdoor	wedding-decor-cocktail-outdoor	5687a51c-1360-826f-a69b-01da15f451f9	wedding-decor
2	海运清单	wedding-decor-untitled	5877a51c-1360-831d-bce0-8162b29d6ae9	wedding-decor
2	素材库	wedding-decor-untitled-2	ea57a51c-1360-83a8-b34d-8110654dec03	wedding-decor
2	仿真花	wedding-decor-untitled-3	9e17a51c-1360-8387-bb6c-0187289b5743	wedding-decor
2	仿真花花艺分析	wedding-decor-untitled-4	0ad7a51c-1360-83b5-a7ce-011fccf278e9	wedding-decor
2	花艺需求	wedding-decor-untitled-5	de17a51c-1360-8202-b330-815c805ebf81	wedding-decor
2	Wedding Game	wedding-decor-wedding-game	5cc7a51c-1360-83e8-93c3-8112792f3c1a	wedding-decor
2	Wedding Music List	wedding-music-wedding-music-list	5ed7a51c-1360-83a4-a6a7-016e2aca4f81	wedding-music
2	Wedding Vow final	wedding-vow-and-speech-wedding-vow-final	4187a51c-1360-8367-bd3f-01205d8570cb	wedding-vow-and-speech
2	Wedding Speech Final	wedding-vow-and-speech-wedding-speech-final	2b87a51c-1360-833e-b69a-81649e8e3f70	wedding-vow-and-speech
2	Letter to parents	wedding-vow-and-speech-letter-to-parents	b247a51c-1360-824f-9d44-811b55c3b1b6	wedding-vow-and-speech
2	First look letter	wedding-vow-and-speech-first-look-letter	5f17a51c-1360-83a7-bb85-81d4d4fe56cc	wedding-vow-and-speech
2	礼品Description	wedding-game-description	2e67a51c-1360-83ce-bc9d-01f161eb86c5	wedding-game
2	Moneta Foto	engagement-photo-moneta-foto	19e7a51c-1360-8322-a878-01ddbb94144c	engagement-photo
2	Wedding Procession	to-dos-wedding-procession	5f27a51c-1360-837d-9b39-81ea856d3496	to-dos
2	photos	to-dos-photos	f1b7a51c-1360-83a7-8fd1-8180d6bf6d5f	to-dos
2	婚礼当天布置	to-dos-untitled	6a47a51c-1360-82ca-b675-81a0cdef2ed1	to-dos
2	Agenda	to-dos-agenda	8bd7a51c-1360-830c-8a57-011c94cf3992	to-dos
2	Wedding Day Contact Info	to-dos-wedding-day-contact-info	69a7a51c-1360-8319-96d4-8120667a4814	to-dos
2	Drone	to-dos-drone	8557a51c-1360-829d-b5b0-81c18dc262a5	to-dos
